date,lambda_t,lambda_w,E_Rw,mean_K,whale_threshold
2024-01-01,0.002504558781006879,1.92876827315062e-06,0.3320938553699994,6.25,6.885343032630001
2024-01-02,0.002341769202773104,1.9299482812459594e-06,0.3471462012800016,6.25,6.628903560719999
2024-01-03,0.002230277610504341,1.929044347572124e-06,0.34355311379003395,6.25,6.632496648209966
2024-01-04,0.0021081947266615624,1.928517567830784e-06,0.4036945112000021,6.25,6.511481686799998
2024-01-05,0.001977686363871474,1.9300086232785288e-06,0.41829678224002365,6.25,5.6720036477599765
2024-01-06,0.0018474358687415034,1.9282870062380085e-06,0.27126946212005587,6.25,4.506446415879944
2024-01-07,0.0017516398016019926,1.9302045746620503e-06,0.26721595476002025,6.25,4.51049992323998
2024-01-08,0.001700710750431778,1.928010405086554e-06,0.26721595476002025,6.25,4.51049992323998
2024-01-09,0.0016663193395314536,1.9285555042131224e-06,0.2647548967200454,6.25,4.512960981279955
2024-01-10,0.001624030045226117,1.9279613389768617e-06,0.2663473460399747,6.25,4.511368531960025
2024-01-11,0.0015848040810274584,1.92887616344988e-06,0.272427607080029,6.25,4.505288270919971
2024-01-12,0.0015019833547138333,1.928255773101372e-06,0.2719039333200266,6.25,4.0047721946799735
2024-01-13,0.0014355226089732534,1.928952065926952e-06,0.2758392338199691,6.25,4.000836894180031
2024-01-14,0.0013743182363814607,1.927510939588338e-06,0.27654758790997036,6.25,4.00012854009003
2024-01-15,0.0012949147021208136,1.9289944846189697e-06,0.3068244378200067,6.25,3.9698516901799934
2024-01-16,0.0011776285267947528,1.9281933098633644e-06,0.47746268190001784,6.25,3.269112388099982
2024-01-17,0.0011127398153071668,1.929390482393926e-06,0.5677630142599969,6.25,3.151907917740003
2024-01-18,0.0010795494728651246,1.928932717669448e-06,0.5727822506799817,6.25,3.1468886813200183
2024-01-19,0.001048904822130772,1.9296905663989155e-06,0.5796266639799236,6.25,3.1400442680200764
2024-01-20,0.0010679517380725336,1.929558011582751e-06,0.36493901964006953,6.25,5.63599969435993
2024-01-21,0.001060582868933007,1.929106865961411e-06,0.3683911817600343,6.25,5.632547532239966
2024-01-22,0.0010511867140063523,1.927773275356195e-06,0.3716402755199571,6.25,5.629298438480043
2024-01-23,0.0010428073310629919,1.9288129159485054e-06,0.38219983024007737,6.25,5.618738883759923
2024-01-24,0.0010227944991532583,1.928796546682663e-06,0.3897133595599456,6.25,5.611225354440054
2024-01-25,0.0010001517796492789,1.929117286086936e-06,0.3868704025199204,6.25,5.61406831148008
2024-01-26,0.000988455808031644,1.92838443037838e-06,0.3935716583999927,6.25,5.607367055600007
2024-01-27,0.0009651775558179595,1.9281814125625645e-06,0.3893072228400472,6.25,5.611631491159953
2024-01-28,0.0009351773283844969,1.9291202632863334e-06,0.38301210368005806,6.25,5.617926610319942
2024-01-29,0.0009118841117842766,1.9284721949021993e-06,0.3870734708799615,6.25,5.613865243120038
2024-01-30,0.0008455306761913723,1.9281301071346213e-06,0.3884949494000665,6.25,5.612443764599933
2024-01-31,0.0008212422459035298,1.9283405511120164e-06,0.3935716583999927,6.25,5.607367055600007
2024-02-01,0.000787778626651993,1.9273653108936614e-06,0.40006984592002387,6.25,5.600868868079976
2024-02-02,0.0007603121302598318,1.9278788243332237e-06,0.4027097346000071,6.25,5.598228979399993
2024-02-03,0.0007247699590093134,1.928066165060973e-06,0.40433428147996936,6.25,5.596604432520031
2024-02-04,0.0007013337156797427,1.926670162930789e-06,0.4021005295200684,6.25,5.5988381844799315
2024-02-05,0.0006852511561915794,1.928072112981941e-06,0.4006790509999634,6.25,5.6002596630000365
2024-02-06,0.0006694672780627285,1.9267896986115553e-06,0.40088211936000456,6.25,5.600056594639995
2024-02-07,0.0006532299767038201,1.929450044994775e-06,0.39641461544001794,6.25,5.604524098559982
2024-02-08,0.0006300602140908126,1.929719611740414e-06,0.39255631659997087,6.25,5.608382397400029
2024-02-09,0.0006181558504237772,1.928363606070797e-06,0.3943839318399734,6.25,5.606554782160027
2024-02-10,0.0006032809237445012,1.927873620943802e-06,0.38544892400000014,6.25,5.61548979
2024-02-11,0.0005915553649873355,1.9285071541829898e-06,0.3878857443199422,6.25,5.613052969680058
2024-02-12,0.0005814095276422257,1.9281955406236093e-06,0.3801691466400328,6.25,5.620769567359967
2024-02-13,0.0005788786109078842,1.929369636352411e-06,0.3738740274800428,6.25,5.627064686519957
2024-02-14,0.0005798513322592395,1.927201876323747e-06,0.3724525489599378,6.25,5.628486165040062
2024-02-15,0.0005894467186628431,1.9287846419365615e-06,0.37021879700003685,6.25,5.630719916999963
2024-02-16,0.0005924400432881916,1.9268312797165556e-06,0.3748893692800655,6.25,5.6260493447199345
2024-02-17,0.000587167978874785,1.928679737714985e-06,0.36960959191991255,6.25,5.631329122080087
2024-02-18,0.000579346954289982,1.9278305082262456e-06,0.362908336040025,6.25,5.638030377959975
2024-02-19,0.0005427797670100867,1.927161022012033e-06,1.3033641944300318,6.25,2.0210292415699684
2024-02-20,0.0005448048921026687,1.927805236150358e-06,0.1791604804399934,6.25,1.7373501855600066
2024-02-21,0.0005459452083109985,1.9281985149786317e-06,0.1780482826800199,6.25,1.7384623833199802
2024-02-22,0.0005455991638893239,1.9282639531107913e-06,0.17874340627997184,6.25,1.7377672597200282
2024-02-23,0.0005358979475061265,1.928078804436895e-06,0.17832633212001334,6.25,1.7381843338799867
2024-02-24,0.0005311247341963579,1.927943497374334e-06,0.180064141119988,6.25,1.736446524880012
2024-02-25,0.0005241987376852561,1.928246105906989e-06,0.1784653568399784,6.25,1.7380453091600216
2024-02-26,0.0005243780113116159,1.92912472910266e-06,0.17971657931998028,6.25,1.7367940866800198
2024-02-27,0.0005278356708813908,1.9277591534824005e-06,0.1799946287599737,6.25,1.7365160372400263
2024-02-28,0.0005159308498686944,1.928696848972236e-06,0.11924838644000349,6.25,1.2354421115599965
2024-02-29,0.0005105996789799375,1.928488558663079e-06,0.11932075705999648,6.25,1.2353697409400035
2024-03-01,0.0005040602723815255,1.928610551814051e-06,0.11917601581999984,6.25,1.2355144821800002
2024-03-02,0.0005039539855778818,1.9287094966183938e-06,0.11901921281000086,6.25,1.2356712851899991
2024-03-03,0.0005011735519131374,1.9288382144513186e-06,0.11916395404999727,6.25,1.2355265439500027
2024-03-04,0.0005062565131121273,1.929190230117669e-06,0.1190915834300045,6.25,1.2355989145699955
2024-03-05,0.0005144905809903988,1.9291879970552876e-06,0.1195258071500053,6.25,1.2351646908499947
2024-03-06,0.0005159632521377726,1.928788362153932e-06,0.11968261016000428,6.25,1.2350078878399957
2024-03-07,0.0005183782454516137,1.9287533926772176e-06,0.11942931298999651,6.25,1.2352611850100035
2024-03-08,0.0005204046717514928,1.927823075193968e-06,0.11939312768000013,6.25,1.2352973703199999
2024-03-09,0.0005189044064303556,1.9275183702138272e-06,0.11964642484999702,6.25,1.235044073150003
2024-03-10,0.0005156694301706414,1.9291530130862167e-06,0.11977910432000197,6.25,1.234911393679998
2024-03-11,0.000516271420026701,1.9287080086514125e-06,0.11971879547000067,6.25,1.2349717025299993
2024-03-12,0.0005191624367551903,1.928871698784309e-06,0.20392206650000366,6.25,1.2471432254999963
2024-03-13,0.0005183856395945567,1.9285517848939624e-06,0.2039570300000002,6.25,1.2471082619999998
2024-03-14,0.0005113536487344787,1.928178438260305e-06,0.20422508350000168,6.25,1.2468402084999983
2024-03-15,0.0004997272543813085,1.928902207744311e-06,0.20416681100000056,6.25,1.2468984809999994
2024-03-16,0.000482150105237294,1.928623942246199e-06,0.13006115543999916,6.25,1.2100044925600009
2024-03-17,0.00047029934367454285,1.9292341480617757e-06,0.32849336639000176,6.25,1.2350199496099983
2024-03-18,0.0004643600101964317,1.9282208229337958e-06,0.32877078710000357,6.25,1.2347425288999965
2024-03-19,0.00045536708541300445,1.9287466965390956e-06,0.32868635470999735,6.25,1.2348269612900027
2024-03-20,0.0004341667403671119,1.9291626893762556e-06,0.38144865539998374,6.25,1.1626399726000163
2024-03-21,0.00040310799432778286,1.928538395463769e-06,0.40263412604000093,6.25,1.0936157839599991
2024-03-22,0.00038511681249619073,1.92875785679513e-06,0.4216098217499978,6.25,1.0661623642500022
2024-03-23,0.0003719575398362417,1.9289289968951957e-06,0.42015139550001923,6.25,1.0676207904999808
2024-03-24,0.0003618352746249607,1.9291150531934184e-06,0.4210847882999971,6.25,1.0666873977000029
2024-03-25,0.00035871908916048457,1.928094418012412e-06,0.4207931030499906,6.25,1.0669790829500094
2024-03-26,0.00036298908843700645,1.9288501198587464e-06,0.4209681142000264,6.25,1.0668040717999736
2024-03-27,0.00037392753838477586,1.927962825791978e-06,0.35642362450001847,6.25,1.3333568774999816
2024-03-28,0.0003994934402237882,1.928943135913719e-06,0.39499528928001454,6.25,1.5594374747199855
2024-03-29,0.000446337179079088,1.928692385136725e-06,0.26744286983996934,6.25,2.2667102721600307
2024-03-30,0.0004741324764600844,1.9291850196468203e-06,0.27256529574999977,6.25,2.2615878462500003
2024-03-31,0.000489149897815057,1.929036905176648e-06,0.2792467208499434,6.25,2.2549064211500567
2024-04-01,0.0005341895865445265,1.9289342059831683e-06,0.11991056464000094,6.25,2.471698269359999
2024-04-02,0.0005608464712199247,1.9286492357920267e-06,0.1202352047200046,6.25,2.4713736292799955
2024-04-03,0.0005910849159256664,1.929018299439196e-06,0.12011560047999614,6.25,2.471493233520004
2024-04-04,0.0006149851648908694,1.928886581083255e-06,0.11991056464000094,6.25,2.471698269359999
2024-04-05,0.0006471653947866295,1.928563686765772e-06,0.19462507656000733,6.25,2.4920616034399927
2024-04-06,0.0011178211587187074,1.9289602518450505e-06,4.5575185133,6.158691959229898,23.1531401467
2024-04-07,0.0012359779896928293,1.928737024421668e-06,4.557554268050001,6.05981334841629,23.15310439195
2024-04-08,0.0013241737041439332,1.9283256772376195e-06,4.557525664250001,5.952077672101449,23.15313299575
2024-04-09,0.0014849373520975661,1.9281226717918737e-06,4.557511362349999,5.833002945174445,23.15314729765
2024-04-10,0.0015745412221444264,1.928822588827102e-06,4.557675834200001,5.725997295469912,23.1529828258
2024-04-11,0.0016049184103421284,1.9310290492423993e-06,4.55774019275,5.626546333783176,23.15291846725
2024-04-12,0.001628717921977422,1.9288456553137382e-06,4.5577187399,5.532579338284942,23.1529399201
2024-04-13,0.001640819772446726,1.928156131285837e-06,4.557632928500002,5.431900248250959,23.153025731499998
2024-04-14,0.0016509059407668059,1.929168644064527e-06,4.557604324700005,5.332335667494918,23.153054335299995
2024-04-15,0.001656243569601555,1.9283948427008327e-06,4.557432701900002,5.23435725641608,23.1532259581
2024-04-16,0.0016627502108990473,1.9282022329353138e-06,4.557461305700002,5.135296119809394,23.153197354299998
2024-04-17,0.0016668238892848164,1.9282178485099502e-06,4.557332588600001,5.03673957621326,23.1533260714
2024-04-18,0.0016721672323212922,1.9286529554870757e-06,4.557311135750002,4.932598039215686,23.153347524249998
2024-04-19,0.0016752629914879168,1.9293026342698168e-06,4.557218173400003,4.836496684198491,23.153440486599997
2024-04-20,0.001685334135423734,1.930741223140011e-06,4.557239626250002,4.736774451553931,23.153419033749998
2024-04-21,0.0017234986023493416,1.9287251204103094e-06,4.5571752677,4.634188229906114,23.1534833923
2024-04-22,0.001731916859534987,1.928426080342859e-06,4.556939286349998,4.533917858790955,23.153719373650002
2024-04-23,0.0017373764296182764,1.928403767638145e-06,4.5565960407500015,4.425746616892207,23.15406261925
2024-04-24,0.0017365467334950102,1.9287050327243384e-06,4.556374361300001,4.319183313748531,23.1542842987
2024-04-25,0.0017300133290917084,1.9285956737741846e-06,4.55636721035,4.212212035731077,23.15429144965
2024-04-26,0.0017153594294558427,1.9288694664592747e-06,4.556324304650005,4.1026659604519775,23.154334355349995
2024-04-27,0.0016887514808517302,1.928247593161354e-06,4.556517380300004,4.0,23.154141279699996
2024-04-28,0.0016374451155649484,1.9293301790071127e-06,4.556488776500004,3.90131116834465,23.154169883499996
2024-04-29,0.0016059956408651563,1.928191079108281e-06,4.55636721035,3.7839386459802538,23.15429144965
2024-04-30,0.0015860019163248795,1.9293674028746803e-06,4.5562170404,3.671302858492795,23.1544416196
2024-05-01,0.0015341172439291718,1.928287749896451e-06,4.5562170404,3.5672100165367353,23.1544416196
2024-05-02,0.0015070473121113284,1.9292497803549126e-06,4.556052568550001,3.447149643705463,23.15460609145
2024-05-03,0.0014683155765383977,1.9282156176980884e-06,4.556181285650002,3.3445186849574267,23.154477374349998
2024-05-04,0.0014336107589946869,1.92836955582707e-06,4.556059719500002,3.2377998100213725,23.154598940499998
2024-05-05,0.0013959310495774463,1.929909545139619e-06,4.556081172349998,3.1257415757000473,23.154577487650002
2024-05-06,0.0009165743385158181,1.928390380263156e-06,2.009845585829944,3.125,6.158803290170057
2024-05-07,0.0007949666147624135,1.9286179909200665e-06,1.99534568443001,3.125,5.27945626156999
2024-05-08,0.0007052683058011277,1.9287459525266187e-06,1.995467362820035,3.125,5.279334583179965
2024-05-09,0.0005476093582794673,1.928606088377988e-06,1.9955890412099493,3.125,5.279212904790051
2024-05-10,0.00045700410577545746,1.929603435620325e-06,0.5211182073198086,3.125,4.713306570680191
2024-05-11,0.0004236260372711439,1.9262767651340823e-06,0.5314909788302573,3.125,4.702933799169743
2024-05-12,0.0003943023649889868,1.928411948903254e-06,0.552846684880169,3.125,4.681578093119831
2024-05-13,0.0003786356689595146,1.9290324397669266e-06,0.5424739133702754,3.125,4.6919508646297245
2024-05-14,0.00036504689863648304,1.928977368080131e-06,0.5388129351900843,3.125,4.695611842809916
2024-05-15,0.00036240242669940113,1.928278082381439e-06,0.5424739133702754,3.125,4.6919508646297245
2024-05-16,0.0003594745699449683,1.928904440145131e-06,0.5314909788302573,3.125,4.702933799169743
2024-05-17,0.00037166961677043153,1.929072629198675e-06,0.5412535873100264,3.125,4.693171190689974
2024-05-18,0.00037494051232953105,1.928327164614734e-06,0.5388129351900843,3.125,4.695611842809916
2024-05-19,0.0003752029670344923,1.9277398291482745e-06,0.5455247285197868,3.125,4.688900049480213
2024-05-20,0.00037416890757743494,1.9266983749840566e-06,0.555287337000111,3.125,4.679137440999889
2024-05-21,0.00034024188353310787,1.9288218447560736e-06,0.5034226221500088,3.125,1.4439682418499913
2024-05-22,0.00034633196266941056,1.928352450376742e-06,0.4557722532000243,3.125,1.5408758127999758
2024-05-23,0.0003580390157721696,1.9292229822932058e-06,0.45673115839998174,3.125,1.5399169076000183
2024-05-24,0.00046685357511664293,1.9286194787481564e-06,0.09758190768000663,3.125,5.3540895323199935
2024-05-25,0.0005150791703633699,1.9287147045209073e-06,0.09914017056000901,3.125,5.352531269439991
2024-05-26,0.0005314901687330228,1.9289505775856715e-06,0.09960187807999876,3.125,5.352069561920001
2024-05-27,0.0005426972501260679,1.929118774685486e-06,0.09844760928002572,3.125,5.353223830719974
2024-05-28,0.0005509356163126178,1.9275310024086428e-06,0.09792818832002492,3.125,5.353743251679975
2024-05-29,0.0005589794059258917,1.9284989721100477e-06,0.09787047488001299,3.125,5.353800965119987
2024-05-30,0.0005724020650174977,1.927289533237457e-06,0.09838989584001379,3.125,5.353281544159986
2024-05-31,0.0005843940845062814,1.9291381266756976e-06,0.09763962112001856,3.125,5.354031818879982
2024-06-01,0.0005927634343492,1.9283479881352604e-06,0.0971779135999773,3.125,5.354493526400023
2024-06-02,0.0005985919096038751,1.928047578044474e-06,0.09763962112001856,3.125,5.354031818879982
2024-06-03,0.0006024772580902114,1.92869759294683e-06,0.09833218240000186,3.125,5.353339257599998
2024-06-04,0.0006101008737524652,1.9272902761267323e-06,0.09821675551997888,3.125,5.353454684480021
2024-06-05,0.0006162095076102385,1.9285956737741846e-06,0.09712020016001777,3.125,5.354551239839982
2024-06-06,0.0006173635095564904,1.92791673558969e-06,0.0968316329600114,3.125,5.354839807039989
2024-06-07,0.0006199042149629484,1.9282646967514526e-06,0.09608135824001618,3.125,5.355590081759984
2024-06-08,0.000616426415486211,1.9284290554091665e-06,0.09510022976002652,3.125,5.356571210239974
2024-06-09,0.0006127507634735444,1.9269805409651014e-06,0.09232998463998676,3.125,5.359341455360013
2024-06-10,0.0006124392219164837,1.9277338832772555e-06,0.0918682771199979,3.125,5.359803162880002
2024-06-11,0.0006135617626718069,1.928356168927086e-06,0.08932888576000497,3.125,5.362342554239995
2024-06-12,0.0006132384385584117,1.9283293956847074e-06,0.089213458879982,3.125,5.362457981120018
2024-06-13,0.0006128673197688132,1.927070405902694e-06,0.08898260511998668,3.125,5.3626888348800135
2024-06-14,0.0006056079293394101,1.929394204948742e-06,0.08886717824001611,3.125,5.362804261759984
2024-06-15,0.0005968811589701042,1.927690776809263e-06,0.09082943519999631,3.125,5.360842004800004
2024-06-16,0.0005753110999699679,1.9276075421885826e-06,0.08927117231999304,3.125,5.362400267680007
2024-06-17,0.0005658332713706594,1.929299656507489e-06,0.08927117231999304,3.125,5.362400267680007
2024-06-18,0.0005585744964947324,1.928089956965032e-06,0.0897328798399828,3.125,5.361938560160017
2024-06-19,0.000547870586711835,1.9278550376394417e-06,0.08904031855999861,3.125,5.3626311214400015
2024-06-20,0.0005407626957390388,1.927722734867955e-06,0.0893865992000169,3.125,5.362284840799983
2024-06-21,0.0005247915893503159,1.9282007457509206e-06,0.08927117231999304,3.125,5.362400267680007
2024-06-22,0.0005050506710360037,1.926968658625555e-06,0.09111800240000179,3.125,5.360553437599998
2024-06-23,0.000389509178405883,1.927991075714909e-06,0.17519306665999695,3.125,2.257031579340003
2024-06-24,0.0003351882064134322,1.9276922632071014e-06,0.24671999675999312,3.125,1.422393711240007
2024-06-25,0.0003119054948148085,1.927652131270026e-06,0.3180317938700146,3.125,1.3356047521299854
2024-06-26,0.0002928633064455485,1.928176951112616e-06,0.286302033140058,3.125,1.124685886859942
2024-06-27,0.00028054763143413645,1.928105570721177e-06,0.28867760991003355,3.125,1.1223103100899665
2024-06-28,0.00026733675813795467,1.92817397682412e-06,0.2892365691500204,3.125,1.1217513508499797
2024-06-29,0.0002526374570580182,1.9281568748433374e-06,0.05664486088000531,3.125,0.8423963551199947
2024-06-30,0.00023739979540242294,1.9272204470380548e-06,0.06213455621999977,3.125,0.5911038097800002
2024-07-01,0.00022516417836985797,1.9274559547402503e-06,0.06643084800000162,3.125,0.5863191299999984
2024-07-02,0.0002157452716871926,1.928281800644972e-06,0.10353223437999674,3.125,0.5397553816200032
2024-07-03,0.00021052698503754778,1.927604569656497e-06,0.10369201354999873,3.125,0.5395956024500013
2024-07-04,0.00020011695938401656,1.9284193864772292e-06,0.10882797241999909,3.125,0.5327777575800009
2024-07-05,0.00019225371120265642,1.928081778431783e-06,0.10885870151999977,3.125,0.5327470284800002
2024-07-06,0.00018386191470165755,1.9286224544112226e-06,0.05816164608000043,3.125,0.5172013259199996
2024-07-07,0.00017704436341676894,1.928730328397198e-06,0.08433810411999614,3.125,0.48498122988000386
2024-07-08,0.0001742567317782143,1.9280884699538262e-06,0.0846172743999966,3.125,0.4847020596000034
2024-07-09,0.0001728622896720341,1.9281903355244004e-06,0.07166904501001678,3.125,0.5147517529899832
2024-07-10,0.00016928222862761785,1.9288196125464316e-06,0.07112714264998851,3.125,0.5152936553500115
2024-07-11,0.00016489424185329806,1.9280765739467497e-06,0.07571317816000428,3.125,0.4838335298399957
2024-07-12,0.00016083054673453112,1.9300145831901905e-06,0.07379153671000865,3.125,0.38959365928999135
2024-07-13,0.00015768923834759738,1.9287905942912426e-06,0.07497700158998061,3.125,0.3884081944100194
2024-07-14,0.0001537210863362521,1.927604569656497e-06,0.07561912840002155,3.125,0.38776606759997845
2024-07-15,0.0001517226859673542,1.928371786995138e-06,0.0766564101700083,3.125,0.3867287858299917
2024-07-16,0.00015032204404323162,1.9287429764824512e-06,0.07808884689998563,3.125,0.38529634910001437
2024-07-17,0.00014720859162990754,1.9270830322266097e-06,0.07808884689998563,3.125,0.38529634910001437
2024-07-18,0.00014430009579571808,1.928410461395344e-06,0.07769369193999498,3.125,0.385691504060005
2024-07-19,0.0001414797019259145,1.9288077075155993e-06,0.08488726956000008,3.125,0.3639070804399999
2024-07-20,0.0001382554584378155,1.9303864054467784e-06,0.08239842381000237,3.125,0.3681747521899976
2024-07-21,0.00013524760740871871,1.9284297991771775e-06,0.08259409467000176,3.125,0.36797908132999824
2024-07-22,0.00013293234902688698,1.9298991164535867e-06,0.08251404750000166,3.125,0.36805912849999833
2024-07-23,0.0001312588219131794,1.9286782497939206e-06,0.08250515336999983,3.125,0.36806802263000016
2024-07-24,0.00012857291086651248,1.9284030238902135e-06,0.08217607055999751,3.125,0.3683971054400025
2024-07-25,0.00012691583389788552,1.9278959213819468e-06,0.08195371731000076,3.125,0.36861945868999924
2024-07-26,0.0001240311806589301,1.928229746260391e-06,0.09752183042999613,3.125,0.31120446757000386
2024-07-27,0.0001218969584378207,1.928997461439341e-06,0.09733804210000424,3.125,0.31138825589999575
2024-07-28,0.00011967647318165142,1.928780921733542e-06,0.09752183042999613,3.125,0.31120446757000386
2024-07-29,0.00011539235622418934,1.9290480687913972e-06,0.07802685823999798,3.125,0.337519921760002
2024-07-30,0.00011338406087544228,1.928830773646308e-06,0.08486479623999553,3.125,0.33068198376000446
2024-07-31,0.00011134049660699582,1.9283911240013345e-06,0.08379777700000922,3.125,0.33174900299999077
2024-08-01,0.00010990108750486368,1.928124902388677e-06,0.08445831272000519,3.125,0.3310884672799948
2024-08-02,0.00010793114651332307,1.9283650935064236e-06,0.08359453524001402,3.125,0.33195224475998597
2024-08-03,0.00010683359117000006,1.928115980032431e-06,0.08461074403999001,3.125,0.33093603596001
2024-08-04,0.00010496678613762471,1.928651467607334e-06,0.09773064099999723,3.125,0.29563251100000276
2024-08-05,0.00010447415273474151,1.928917090514049e-06,0.09719393629999945,3.125,0.29616921570000054
2024-08-06,0.00010446074407338243,1.9279509313352565e-06,0.09690258231999588,3.125,0.2964605696800041
2024-08-07,0.00010252889612792853,1.929610137708557e-06,0.09641188087999353,3.125,0.29695127112000647
2024-08-08,0.00013682495847777424,1.9286648586076505e-06,2.668015285399917,3.125,8.012935346600083
2024-08-09,0.0001366373179106262,1.9283204714357888e-06,2.6726025273199823,3.125,8.008348104680017
2024-08-10,0.000135510930390436,1.929718122214452e-06,2.6706911765199393,3.125,8.01025945548006
2024-08-11,0.00013398388456641128,1.92633316702657e-06,2.665530529359932,3.125,8.015420102640068
2024-08-12,0.0001334427856389239,1.9281167235589642e-06,2.6617078277600217,3.125,8.019242804239978
2024-08-13,0.00013330423539225037,1.92817397682412e-06,2.6605610172799614,3.125,8.020389614720038
2024-08-14,0.00013211842330018294,1.9286187348338243e-06,2.6573117209199952,3.125,8.023638911080004
2024-08-15,0.00013151182809051942,1.9283085725657227e-06,2.6538712894799903,3.125,8.02707934252001
2024-08-16,0.00013051263641282695,1.9283554252158698e-06,2.654062424560029,3.125,8.02688820743997
2024-08-17,0.00012937989887036082,1.929292212141885e-06,2.655400370119954,3.125,8.025550261880046
2024-08-18,0.00012841786369580569,1.928229002646687e-06,2.65864966647992,3.125,8.02230096552008
2024-08-19,0.00012809827946902512,1.9270057914232055e-06,2.664765989039949,3.125,8.01618464296005
2024-08-20,0.00012867477750594646,1.9287935704823605e-06,2.6659127995200094,3.125,8.01503783247999
2024-08-21,0.0001280204145518553,1.927520599412646e-06,2.664957124119988,3.125,8.015993507880012
2024-08-22,0.00012904095452706709,1.9281427473489e-06,2.6678241503200506,3.125,8.013126481679949
2024-08-23,0.00012899594148123574,1.928893278192704e-06,2.672220257160077,3.125,8.008730374839923
2024-08-24,0.0001280659261138387,1.9291425925747303e-06,2.6777631744799897,3.125,8.00318745752001
2024-08-25,0.00012711165904447837,1.928040886806262e-06,2.68483517244004,3.125,7.9961154595599595
2024-08-26,0.0001272122047064587,1.9287184244684933e-06,2.6878933337199675,3.125,7.993057298280032
2024-08-27,0.00012732323817291692,1.9281977713890156e-06,2.6833060918000764,3.125,7.997644540199923
2024-08-28,0.00012666084421760656,1.927727937442915e-06,2.6777631744799897,3.125,8.00318745752001
2024-08-29,0.000126801983483154,1.928276595080041e-06,2.6783365797199337,3.125,8.002614052280066
2024-08-30,0.0001266404264651144,1.928606832282564e-06,2.6766163639999294,3.125,8.00433426800007
2024-08-31,0.00012588646867196056,1.9289833216244048e-06,2.6726025273199823,3.125,8.008348104680017
2024-09-01,0.00012485790656505954,1.9283702995491856e-06,2.6743227430399847,3.125,8.006627888960015
2024-09-02,0.00012456980817746025,1.928446162218577e-06,2.6697355011199195,3.125,8.01121513088008
2024-09-03,0.00012494795694446373,1.928182156139563e-06,2.6685886906400333,3.125,8.012361941359966
2024-09-04,0.00012423759346393584,1.9282245409765067e-06,2.670117771279997,3.125,8.010832860720003
2024-09-05,0.0001242911261727228,1.929217027269483e-06,2.664765989039949,3.125,8.01618464296005
2024-09-06,0.00012455817100672932,1.9271751351238846e-06,2.6643837188800457,3.125,8.016566913119954
2024-09-07,8.830469037527814e-05,1.9282609785538816e-06,0.24826535306999586,3.125,0.3455092649300041
2024-09-08,8.65687827439231e-05,1.9284669883092474e-06,0.24789070271000474,3.125,0.34588391528999524
2024-09-09,8.660451356216395e-05,1.9272650182126545e-06,0.2477970401199978,3.125,0.34597757788000216
2024-09-10,8.664184395253691e-05,1.9285785643121166e-06,0.24795760455999405,3.125,0.3458170134400059
2024-09-11,8.591103197211988e-05,1.928191822692735e-06,0.24809140825999693,3.125,0.34568320974000305
2024-09-12,8.623820985413217e-05,1.9291113317157094e-06,0.24793084382000075,3.125,0.34584377417999923
2024-09-13,8.749765295560024e-05,1.9283115472694724e-06,0.24736395631999644,3.125,0.34641066168000356
2024-09-14,8.820292050426693e-05,1.9280386564038455e-06,0.19083577259000006,3.125,0.33698525540999996
2024-09-15,8.80247018220284e-05,1.9281947970362874e-06,0.19084796671999998,3.125,0.33697306128000004
2024-09-16,8.83609198962305e-05,1.9270815467681495e-06,0.1908385866199998,3.125,0.3369824413800002
2024-09-17,8.89828652104455e-05,1.9284632693314943e-06,0.19085265677000005,3.125,0.33696837122999995
2024-09-18,8.86674091246112e-05,1.927837941315842e-06,0.19084140065000033,3.125,0.3369796273499997
2024-09-19,8.835605681270879e-05,1.9280505519430315e-06,0.19084984274000036,3.125,0.33697118525999964
2024-09-20,8.812903985465326e-05,1.9282892372150566e-06,0.1908667269200004,3.125,0.33695430107999963
2024-09-21,8.864218667741277e-05,1.928127132990641e-06,0.11162729247999889,3.125,0.3302508815200011
2024-09-22,8.94506127494261e-05,1.9277821945409834e-06,0.11527992660000061,3.125,0.3260967553999994
2024-09-23,9.182981874619224e-05,1.927985871719532e-06,0.4143316710400029,3.125,0.3340054009599971
2024-09-24,9.587038833892e-05,1.927986615145723e-06,0.49744854020003915,3.125,0.5218553037999609
2024-09-25,9.906222187053633e-05,1.9276328090814637e-06,0.49555237790003603,3.125,0.5237514660999639
2024-09-26,0.00010614282294705943,1.928168771841332e-06,0.42491872708003153,3.125,0.6127223389199685
2024-09-27,0.00012084071341058362,1.9288144040773593e-06,0.3206539118399754,3.125,0.8983003381600246
2024-09-28,0.0001348690073140934,1.9282118996897894e-06,0.35172459734993433,3.125,0.8672296526500657
2024-09-29,0.0001415156759075895,1.928272133189613e-06,0.354187187699988,3.125,0.864767062300012
2024-09-30,0.00014884896684781184,1.928170258976404e-06,0.354187187699988,3.125,0.864767062300012
2024-10-01,0.00015640406894474056,1.928696848972236e-06,0.355008051150006,3.125,0.863946198849994
2024-10-02,0.00017359259866890265,1.9293502797172034e-06,0.6851858708599344,3.125,2.3950047631400655
2024-10-03,0.0001940514434326336,1.928809939697686e-06,0.5339648056600133,3.125,2.5740391143399868
2024-10-04,0.00020093950233420618,1.927980667752248e-06,0.5338122341199825,3.125,2.5741916858800176
2024-10-05,0.00020307927710518244,1.927575587949106e-06,0.5377028083900115,3.125,2.5703011116099885
2024-10-06,0.00020476247632266522,1.928828541415999e-06,0.5398388099500304,3.125,2.5681651100499696
2024-10-07,0.00020915158719266697,1.928606088377988e-06,0.5425850976700348,3.125,2.565418822329965
2024-10-08,0.00021702242995845318,1.928642540377096e-06,0.5427376692099968,3.125,2.5652662507900033
2024-10-09,0.00022335892267464304,1.92975685063682e-06,0.5431190980600051,3.125,2.564884821939995
2024-10-10,0.000238806432289146,1.9281338248274996e-06,0.5432716695999666,3.125,2.5647322504000334
2024-10-11,0.0002505335013614779,1.9292587132075895e-06,0.5439582415299677,3.125,2.5640456784700323
2024-10-12,0.000251088418942847,1.9275778172802725e-06,0.5451788138500084,3.125,2.5628251061499916
2024-10-13,0.00025007844591639743,1.9282104124904843e-06,0.5470096723300346,3.125,2.5609942476699654
2024-10-14,0.0002491498001835026,1.9283584000641758e-06,0.5499848173600161,3.125,2.558019102639984
2024-10-15,0.0002507438724827373,1.928899975348658e-06,0.5501373888999781,3.125,2.557866531100022
2024-10-16,0.0002516200433376388,1.9295475866955377e-06,0.5525785335399898,3.125,2.5554253864600103
2024-10-17,0.00027367617570626045,1.9278297649204385e-06,2.463383774260083,3.125,5.094565901739917
2024-10-18,0.0002743986580299187,1.9289937404153124e-06,2.4608508234195674,3.125,5.097098852580433
2024-10-19,0.00027420801342948383,1.9290800718698072e-06,2.439320741279788,3.125,5.118628934720212
2024-10-20,0.0002733412164769498,1.927886257795408e-06,2.3924611507394564,3.125,5.165488525260543
2024-10-21,0.00027129771955412585,1.9292557355808392e-06,2.3924611507394564,3.125,5.165488525260543
2024-10-22,0.00027000178695999556,1.9289833216244048e-06,2.375996970279558,3.125,5.181952705720442
2024-10-23,0.00026819880459083025,1.928272133189613e-06,2.3734640194401937,3.125,5.184485656559806
2024-10-24,0.00026437879134873796,1.9289840658200225e-06,2.3595327898196583,3.125,5.1984168861803415
2024-10-25,0.0002615138522961021,1.928541370876634e-06,2.3785299211200734,3.125,5.179419754879927
2024-10-26,0.00025683543826306084,1.928321215120044e-06,2.3582663144005527,3.125,5.1996833615994476
2024-10-27,0.0002437372827147289,1.9278773376476656e-06,2.3683981177603126,3.125,5.189551558239687
2024-10-28,0.00023244380508749188,1.9288337499614235e-06,2.3595327898196583,3.125,5.1984168861803415
2024-10-29,0.0002308432012211368,1.9307121470368588e-06,2.3696645931805715,3.125,5.188285082819428
2024-10-30,0.00022945900974909148,1.9278409145677297e-06,2.3683981177603126,3.125,5.189551558239687
2024-10-31,0.00022904554421352948,1.9279687730753763e-06,2.3316703305797426,3.125,5.226279345420258
2024-11-01,0.00022534656601840204,1.9275614689714646e-06,2.34306860935976,3.125,5.21488106664024
2024-11-02,0.0002087174954468418,1.927670710662795e-06,2.34306860935976,3.125,5.21488106664024
2024-11-03,0.0002027775127492477,1.928490046291475e-06,2.3607992652399172,3.125,5.1971504107600826
2024-11-04,0.00020349541811880956,1.9282632094707035e-06,2.339269183100138,3.125,5.218680492899862
2024-11-05,0.00020771798663803796,1.9284669883092474e-06,2.341802133939503,3.125,5.216147542060497
2024-11-06,0.00020916872980259656,1.928521287017966e-06,2.311406723860222,3.125,5.246542952139778
2024-11-07,0.00020799495222057607,1.9276001108755582e-06,2.319005576379466,3.125,5.238944099620534
2024-11-08,0.00020609380317407685,1.9278892311963323e-06,2.3088737730197058,3.125,5.2490759029802945
2024-11-09,0.00019317425944970126,1.9287072646687833e-06,2.2974754942396864,3.125,5.260474181760314
2024-11-10,0.00018260235884175676,1.928220079326974e-06,2.2734124612605435,3.125,5.284537214739457
2024-11-11,0.00018301896860732246,1.928889557570602e-06,2.3025413959195675,3.125,5.255408280080433
2024-11-12,0.00018643998875308076,1.928484095791662e-06,2.2746789366796496,3.125,5.283270739320351
2024-11-13,0.0001874213437872064,1.929043603329992e-06,2.230352296979835,3.125,5.327597379020165
2024-11-14,0.00018823070598852624,1.9283613749216603e-06,2.211355165680571,3.125,5.346594510319429
2024-11-15,0.00018955273596058924,1.9273653108936614e-06,2.150564345519705,3.125,5.407385330480295
2024-11-16,0.00016822602643119135,1.9284394682135324e-06,0.17332053682000303,3.125,1.231930919179997
2024-11-17,0.0001727259312847704,1.927539176269988e-06,0.17350323987000693,3.125,1.231748216129993
2024-11-18,0.000177514245893487,1.928981833234891e-06,0.17299167133000237,3.125,1.2322597846699976
2024-11-19,0.00018136534619941593,1.928408230137781e-06,0.1739051865799892,3.125,1.2313462694200108
2024-11-20,0.0001834321377773306,1.927613487280257e-06,0.17375902413999267,3.125,1.2314924318600073
2024-11-21,0.0001864660524578609,1.927945727556591e-06,0.17434367390001193,3.125,1.230907782099988
2024-11-22,0.0001888389415276576,1.9288508639515903e-06,0.1737224835299851,3.125,1.231528972470015
2024-11-23,0.00019359610049315878,1.928510873330006e-06,0.17321091499001384,3.125,1.2320405410099862
2024-11-24,0.00019634686271538385,1.9280193264657284e-06,0.1733570774300104,3.125,1.2318943785699896
2024-11-25,0.00019748555143242553,1.92869908089774e-06,0.10359359732998645,3.125,1.1945663966700135
2024-11-26,0.00019941201919946805,1.9285093856694782e-06,0.10380922310999767,3.125,1.1943507708900023
2024-11-27,0.00020084562775631991,1.9285078980112455e-06,0.10402484889000889,3.125,1.194135145109991
2024-11-28,0.00020046484084065806,1.9259591950877257e-06,0.10409672414999087,3.125,1.194063269850009
2024-11-29,0.00019745530982073566,1.9285688938808823e-06,0.1052467283099963,3.125,1.1929132656900037
2024-11-30,0.00019257980730009116,1.9288121718849392e-06,0.10639673247000174,3.125,1.1917632615299982
2024-12-01,0.00018028119090546493,1.9287042887440047e-06,0.0483665040800028,3.125,0.6508271519199972
2024-12-02,0.0001779635322917414,1.9283026231857566e-06,0.048176109710002454,3.125,0.6510175462899975
2024-12-03,0.00017922808291340425,1.928344269616468e-06,0.04787994068999983,3.125,0.6513137153100002
2024-12-04,0.00017770930944316807,1.9303208231814546e-06,0.047626081530005845,3.125,0.6515675744699941
2024-12-05,0.00017690302382517792,1.928071369489813e-06,1.5602810251399917,3.125,0.6735822448600082
2024-12-06,0.00017457480552911722,1.9282416441576594e-06,1.5603671233000092,3.125,0.6734961466999906
2024-12-07,0.00016995195580298938,1.9291917188287954e-06,1.560388647839994,3.125,0.6734746221600059
2024-12-08,0.00016572384744601766,1.9272865616860827e-06,1.5606469423200076,3.125,0.6732163276799924
2024-12-09,0.0001646942413271582,1.9286053444739865e-06,1.5606684668599924,3.125,0.6731948031400076
2024-12-10,0.00016475671730733775,1.928531700818392e-06,1.560625417780003,3.125,0.6732378522199968
2024-12-11,0.00016333096761986026,1.9288129159485054e-06,1.5602379760600027,3.125,0.6736252939399974
2024-12-12,0.00015963235991152814,1.9283316267598436e-06,1.5600657797400068,3.125,0.6737974902599932
2024-12-13,0.00015844548383214964,1.9284632693314943e-06,1.5606038932399988,3.125,0.6732593767600011
2024-12-14,0.00015528128820732547,1.9279345766969004e-06,1.560625417780003,3.125,0.6732378522199968
2024-12-15,0.00015280030953890877,1.9287355364122124e-06,1.5614218257600085,3.125,0.6724414442399911
2024-12-16,0.00015162686816274964,1.9287705052414337e-06,1.5613142030600067,3.125,0.6725490669399934
2024-12-17,0.00014612305949537402,1.928762320933706e-06,1.6601156810999993,3.125,0.41602523890000087
2024-12-18,0.00014043191110831905,1.9270488672614052e-06,1.6711359192899966,3.125,0.38064151671000346
2024-12-19,0.00013674424682832547,1.9289490892466877e-06,1.67128944159,3.125,0.38048799441000014
2024-12-20,0.0001345051641889828,1.9284588065771243e-06,1.6712126804399983,3.125,0.3805647555600018
2024-12-21,0.0001313587299903367,1.9295721598241466e-06,1.6711205670599933,3.125,0.3806568689400066
2024-12-22,0.0001281421974940113,1.929345812856543e-06,1.67142761166,3.125,0.3803498243399999
2024-12-23,0.0001232418392939833,1.927827535006456e-06,1.7252447687499999,3.125,0.3130540672500001
2024-12-24,0.00012022861410692348,1.928703544764245e-06,1.7250594077500043,3.125,0.31323942824999573
2024-12-25,0.00011696354450023526,1.928253542201757e-06,1.696824338959999,3.125,0.3023271430400005
2024-12-26,0.000113675410794025,1.928565174510077e-06,1.7013135812000069,3.125,0.29783790079999306
2024-12-27,0.00010900396108410762,1.928056499767669e-06,1.7096185562300044,3.125,0.2830176557699955
2024-12-28,0.00010358321769335638,1.929348046284288e-06,1.7109793679200027,3.125,0.2816568440799972
2024-12-29,9.989448914291975e-05,1.9291530130862167e-06,1.711009391439995,3.125,0.2816268205600047
2024-12-30,9.823036366062661e-05,1.9284156676830705e-06,1.7078597559399984,3.125,0.28477645606000185
2024-12-31,9.706097755962785e-05,1.928330883067558e-06,1.6435148926499967,3.125,0.27727675135000346
2025-01-01,9.523455811407274e-05,1.9289505775856715e-06,1.6222538942600018,3.125,0.2658318297399982
2025-01-02,9.317773912090515e-05,1.929413562465343e-06,1.622222487779999,3.125,0.265863236220001
2025-01-03,9.149019817242401e-05,1.927334850531328e-06,1.8129155405600001,3.125,0.27044670143999977
2025-01-04,8.515239111986203e-05,1.9295922655767302e-06,0.21355097131999862,3.125,0.25421107668000137
2025-01-05,8.175261929788087e-05,1.9286231983284236e-06,0.21325903808000155,3.125,0.23992461791999845
2025-01-06,8.237932623045458e-05,1.92817397682412e-06,0.2148500877500003,3.125,0.2383335682499997
2025-01-07,8.315308522292866e-05,1.92874892857997e-06,0.21466755265000081,3.125,0.23851610334999918
2025-01-08,8.198268221123079e-05,1.92997882427234e-06,0.2199980822399938,3.125,0.2267550617600062
2025-01-09,8.083730657159495e-05,1.92817174611377e-06,0.27328385128000693,3.125,0.2266907367199931
2025-01-10,8.038856236117721e-05,1.9287638089844904e-06,0.27310695742000013,3.125,0.22686763057999987
2025-01-11,7.950578413828247e-05,1.928776457508862e-06,0.2777020638000024,3.125,0.2131108801999976
2025-01-12,7.84385794193582e-05,1.928145721541051e-06,0.27753635909999735,3.125,0.21327658490000265
2025-01-13,7.866137359913299e-05,1.9291038888033654e-06,0.27763893819999674,3.125,0.21317400580000329
2025-01-14,7.805349299414116e-05,1.930680089784347e-06,0.2775600312000022,3.125,0.21325291279999783
2025-01-15,7.710165086445144e-05,1.9285889787311352e-06,0.28584480540000545,3.125,0.20338999859999454
2025-01-16,7.673890832918344e-05,1.9286856894222005e-06,0.2860808525999999,3.125,0.20315395140000012
2025-01-17,7.683466732906312e-05,1.929310078715851e-06,0.2858595583499951,3.125,0.20337524565000495
2025-01-18,7.649509520845434e-05,1.9283115472694724e-06,0.2861103585000059,3.125,0.20312444549999412
2025-01-19,7.593485992246728e-05,1.9294425994685542e-06,0.28653819404999914,3.125,0.20269660995000086
2025-01-20,7.593893333862839e-05,1.9278104391706406e-06,0.2865972058499977,3.125,0.20263759815000226
2025-01-21,7.569639865209135e-05,1.9299952136118704e-06,0.28622838210000306,3.125,0.2030064218999969
2025-01-22,7.521707355642237e-05,1.9289237878353577e-06,0.28639066454999595,3.125,0.2028441394500041
2025-01-23,7.446306338003718e-05,1.9289542984431796e-06,0.2865529470000021,3.125,0.20268185699999786
2025-01-24,7.360578750267163e-05,1.9289810890409955e-06,0.2872610885999988,3.125,0.2019737154000012
2025-01-25,7.251913701099874e-05,1.928656675196472e-06,0.287379112199996,3.125,0.20185569180000398
2025-01-26,7.122975955937933e-05,1.9292974231917754e-06,0.28739386514999904,3.125,0.20184093885000098
2025-01-27,7.091600113400521e-05,1.929893157255028e-06,0.28740861810000207,3.125,0.20182618589999796
2025-01-28,7.099734280019776e-05,1.928287749896451e-06,0.28670047650000535,3.125,0.20253432749999464
2025-01-29,6.981479958964576e-05,1.9290815604109252e-06,0.27983640634999885,3.125,0.19196817365000118
2025-01-30,6.945628530138104e-05,1.928431286714921e-06,0.27572940790000267,3.125,0.19749479209999732
2025-01-31,6.838561651575421e-05,1.9283472444303547e-06,0.2758216832000021,3.125,0.19740251679999787
2025-02-01,6.6993959850518e-05,1.9277056408908003e-06,0.2760488224000032,3.125,0.1971753775999968
2025-02-02,6.523257954503807e-05,1.9289490892466877e-06,0.07091101849999822,3.125,0.1971682795000018
2025-02-03,6.519402970538294e-05,1.9278193586993232e-06,0.06055643332000014,3.125,0.21540885667999987
2025-02-04,6.453764024434464e-05,1.92871172857317e-06,0.06055199222,3.125,0.21541329777999998
2025-02-05,6.178083213551807e-05,1.9298849634171008e-06,0.061262341360000326,3.125,0.21455566663999967
2025-02-06,5.986125133034277e-05,1.928731816398618e-06,0.06125761752999935,3.125,0.21456039047000064
2025-02-07,5.90370017814237e-05,1.9271134846297283e-06,0.06122455071999979,3.125,0.2145934572800002
2025-02-08,5.8934675272061536e-05,1.929172365763364e-06,0.00921506464999502,3.125,0.20953291535000498
2025-02-09,6.0880584768334836e-05,1.929240847584957e-06,0.009089875520000562,3.125,0.20965810447999944
2025-02-10,6.413472566730201e-05,1.9291760874765605e-06,0.009112637180005207,3.125,0.2096353428199948
2025-02-11,6.689884132818837e-05,1.9287794336563526e-06,0.009226445479997342,3.125,0.20952153452000266
2025-02-12,6.873744624145365e-05,1.928765297037571e-06,0.009237826309999664,3.125,0.20951015369000034
2025-02-13,7.013493360155223e-05,1.9283375763187806e-06,0.009260587970004308,3.125,0.2094873920299957
2025-02-14,7.082408552682594e-05,1.9289386709381086e-06,0.009271968799996278,3.125,0.20947601120000373
2025-02-15,7.114392729027605e-05,1.928824076970882e-06,0.009260587970004308,3.125,0.2094873920299957
2025-02-16,7.139550497816337e-05,1.9293711253404377e-06,0.15758189159999947,3.125,0.21458086040000052
2025-02-17,7.192433372336274e-05,1.9302015941148926e-06,0.15752835486000002,3.125,0.21463439713999996
2025-02-18,7.211624757422335e-05,1.9282803133378377e-06,0.15748898961000063,3.125,0.21467376238999938
2025-02-19,7.16684280534703e-05,1.9293889933760215e-06,0.15745907202000026,3.125,0.21470367997999976
2025-02-20,7.160492659237993e-05,1.9264563721204775e-06,0.15752048180999986,3.125,0.21464227019000012
2025-02-21,7.176530734575429e-05,1.9287586008167907e-06,0.15751733259000064,3.125,0.21464541940999934
2025-02-22,7.138801182018782e-05,1.9285041788757054e-06,0.1575047357099995,3.125,0.21465801629000048
2025-02-23,7.10227340566267e-05,1.9284394682135324e-06,0.15748269116999933,3.125,0.21468006083000066
2025-02-24,7.134584640281456e-05,1.9288374703682343e-06,0.15747324351000025,3.125,0.21468950848999974
2025-02-25,7.229773017223295e-05,1.928095905032793e-06,0.1574653704600001,3.125,0.2146973815399999
2025-02-26,7.252359697978128e-05,1.9278319948395793e-06,0.15748741500000027,3.125,0.21467533699999972
2025-02-27,7.267762389009956e-05,1.9288359822037876e-06,0.15754252635000005,3.125,0.21462022564999994
2025-02-28,7.29873977903387e-05,1.9287571127740428e-06,0.16052245784000002,3.125,0.21543905615999998
2025-03-01,7.272420120818293e-05,1.9293882488679316e-06,0.1605109109800001,3.125,0.2154506030199999
2025-03-02,7.248525669610987e-05,1.929436643088951e-06,0.16050780220999986,3.125,0.21545371179000014
2025-03-03,7.285147180769733e-05,1.9300674790192016e-06,0.16049892001000007,3.125,0.21546259398999992
2025-03-04,7.287343565204309e-05,1.9287221444304292e-06,0.16071773002000025,3.125,0.21470367997999976
2025-03-05,7.253650146706077e-05,1.928820356615738e-06,0.17433108661999958,3.125,0.1794283793800004
2025-03-06,7.283852142797896e-05,1.9289714145726073e-06,0.17433291154,3.125,0.17942655446
2025-03-07,7.276948826181377e-05,1.927959108758487e-06,0.1743502482800002,3.125,0.1794092177199998
2025-03-08,7.453070407325917e-05,1.9290101130284186e-06,0.16381508485999777,3.125,0.28790967714000226
2025-03-09,7.46682584803382e-05,1.9293666583832524e-06,0.1640489985499981,3.125,0.2876757634500019
2025-03-10,7.454838161475238e-05,1.9282743641322456e-06,0.16417895060000093,3.125,0.2875458113999991
2025-03-11,7.514277320809027e-05,1.927686317629501e-06,0.13624564999999986,3.125,0.39385917800000014
2025-03-12,7.357170729279747e-05,1.928882860486989e-06,0.13625431975999983,3.125,0.3938505082400002
2025-03-13,7.12184567916714e-05,1.9289862984103224e-06,0.13625471383999993,3.125,0.3938501141600001
2025-03-14,6.93583980161219e-05,1.928641796444973e-06,0.13625353160000006,3.125,0.39385129639999994
2025-03-15,6.768461931438048e-05,1.92693672556413e-06,0.13624998488000004,3.125,0.39385484311999996
2025-03-16,6.644310669352352e-05,1.929002670897098e-06,0.13624249735999996,3.125,0.39386233064000004
2025-03-17,6.612173571265916e-05,1.9298089875064167e-06,0.13624407367999988,3.125,0.3938607543200001
2025-03-18,6.558703437768537e-05,1.927583762188594e-06,0.024560314149996577,3.125,0.3881396658500034
2025-03-19,6.495447542308816e-05,1.927464870988994e-06,0.02485815960999569,3.125,0.3878418203900043
2025-03-20,6.519830713283951e-05,1.928586747060448e-06,0.024939390189999945,3.125,0.38776058981000006
2025-03-21,6.547049892911401e-05,1.9284818643636995e-06,0.025562157970003642,3.125,0.38713782202999636
2025-03-22,6.51453013774245e-05,1.928679737714985e-06,0.025480927389999443,3.125,0.38721905261000056
2025-03-23,6.46359398440252e-05,1.929139615306411e-06,0.02552154267999538,3.125,0.3871784373200046
2025-03-24,6.552235020590585e-05,1.9297642985885706e-06,0.02562985012000516,3.125,0.38707012987999484
2025-03-25,6.682105982871696e-05,1.9286023688637175e-06,0.11961436118000086,3.125,0.40068526081999917
2025-03-26,6.693778561526479e-05,1.9286209665785414e-06,0.11932054054999908,3.125,0.40097908145000094
2025-03-27,6.663303414092244e-05,1.9286477479180246e-06,0.1193971894100031,3.125,0.4009024325899969
2025-03-28,6.756346056104243e-05,1.9278483477375736e-06,0.11933331536000169,3.125,0.4009663066399983
2025-03-29,6.753098496398647e-05,1.9284357493419214e-06,0.11914169320999753,3.125,0.4011579287900025
2025-03-30,6.705048190062611e-05,1.927988101999825e-06,0.11952493751000585,3.125,0.40077468448999415
2025-03-31,6.760162021896278e-05,1.9283041105273065e-06,0.11974210928000362,3.125,0.4005575127199964
2025-04-01,6.819223697686112e-05,1.9279828980205016e-06,0.11972933447000104,3.125,0.40057028752999896
2025-04-02,6.862650614712233e-05,1.927360110275836e-06,0.1198315329499986,3.125,0.4004680890500014
2025-04-03,6.922446764768822e-05,1.9278557809647374e-06,0.11997205586000403,3.125,0.400327566139996
2025-04-04,6.926228718561599e-05,1.9288545844244222e-06,0.11976765889999723,3.125,0.4005319631000028
2025-04-05,6.958869436279595e-05,1.9281985149786317e-06,0.11972933447000104,3.125,0.40057028752999896
2025-04-06,6.975194761915412e-05,1.928091443978532e-06,0.11944828865000186,3.125,0.4008513333499982
2025-04-07,6.85202450545682e-05,1.9286827135640013e-06,0.11914169320999753,3.125,0.4011579287900025
2025-04-08,6.861209856172726e-05,1.928031221766393e-06,0.11912891839999488,3.125,0.4011707036000051
2025-04-09,7.05975109500058e-05,1.928327164614734e-06,0.11861792599999536,3.125,0.40168169600000464
2025-04-10,6.90042253532534e-05,1.928344269616468e-06,0.13590712791999923,3.125,0.34204299808000077
2025-04-11,6.761842171974736e-05,1.928080291433192e-06,0.1358725658400001,3.125,0.3420775601599999
2025-04-12,6.732094002573606e-05,1.9292393587980066e-06,0.13580776193999863,3.125,0.34214236406000137
2025-04-13,6.692881822655501e-05,1.9283115472694724e-06,0.13572567700000157,3.125,0.34222444899999843
2025-04-14,6.787587029793865e-05,1.928655187310992e-06,0.13572567700000157,3.125,0.34222444899999843
2025-04-15,6.9069256373331e-05,1.929383037327388e-06,0.1357645593400017,3.125,0.34218556665999833
2025-04-16,6.964581668886957e-05,1.927334850531328e-06,0.13569543517999935,3.125,0.34225469082000065
2025-04-17,7.017512893857854e-05,1.92961162706782e-06,0.13569543517999935,3.125,0.34225469082000065
2025-04-18,7.060670346516869e-05,1.9293167787664026e-06,0.13563927179999974,3.125,0.3423108542000003
2025-04-19,6.988150781215646e-05,1.928641796444973e-06,0.1356911149199985,3.125,0.3422590110800015
2025-04-20,6.906094770214337e-05,1.9289133698000836e-06,0.1355139842600017,3.125,0.3424361417399983
2025-04-21,6.935049221350092e-05,1.9284491373468476e-06,0.13556150711999956,3.125,0.34238861888000044
2025-04-22,6.971606066848439e-05,1.928824821043633e-06,0.13553126530000129,3.125,0.3424188606999987
2025-04-23,6.968968702788284e-05,1.9275005368088995e-06,0.1402971437699974,3.125,0.3367889302300026
2025-04-24,6.923718504922151e-05,1.92927211264171e-06,0.025506465170000048,3.125,0.30692648082999996
2025-04-25,6.968630979846762e-05,1.928391867740087e-06,0.0255822272600002,3.125,0.3068507187399998
2025-04-26,6.939873953946847e-05,1.9290086245975606e-06,0.02563273532000282,3.125,0.3068002106799972
2025-04-27,6.774389958748055e-05,1.9285621990237616e-06,0.027032216269997633,3.125,0.28703507373000237
2025-04-28,7.067610051387169e-05,1.929382292823894e-06,0.06993498331999959,3.125,0.4226777426800004
2025-04-29,7.142673389169915e-05,1.9285026912255055e-06,0.06982826216000093,3.125,0.42278446383999907
2025-04-30,7.175412237458982e-05,1.9282156176980884e-06,0.16734698750000118,3.125,0.4267766404999988
2025-05-01,7.166592246628684e-05,1.9284498811303495e-06,0.16735610449999894,3.125,0.4267675235000011
2025-05-02,7.411745949588102e-05,1.928446162218577e-06,0.15704310846000077,3.125,0.4405205155399992
2025-05-03,7.4587676904602e-05,1.928798778838917e-06,0.15687110865999704,3.125,0.440692515340003
2025-05-04,7.481491142517305e-05,1.928390380263156e-06,0.15731830813999423,3.125,0.44024531586000576
2025-05-05,7.504202187786979e-05,1.929265412901384e-06,0.1573527081000013,3.125,0.4402109158999987
2025-05-06,7.575655671001683e-05,1.9283874053161783e-06,0.157782707599995,3.125,0.439780916400005
2025-05-07,7.626825221432619e-05,1.9282676713198337e-06,0.1442085315599992,3.125,0.5032534304400008
2025-05-08,7.692940706542054e-05,1.9288196125464316e-06,0.23361563610998237,3.125,0.5360452758900176
2025-05-09,7.489372079624859e-05,1.928149439294143e-06,0.23556140057999028,3.125,0.5340995114200097
2025-05-10,7.343601177041219e-05,1.9278059794372505e-06,0.23556140057999028,3.125,0.5340995114200097
2025-05-11,7.266133076827564e-05,1.928034939077952e-06,0.23589360427001482,3.125,0.5337673077299852
2025-05-12,7.289823420328638e-05,1.9268632092831644e-06,0.23684275766999238,3.125,0.5328181543300076
2025-05-13,7.313524640445275e-05,1.9280624476290038e-06,0.2371275036900072,3.125,0.5325334083099927
2025-05-14,7.366303859509521e-05,1.9276536176082675e-06,0.23821903010001377,3.125,0.5314418818999862
2025-05-15,7.327497348846081e-05,1.926570684915144e-06,0.23883597981001,3.125,0.5308249321899899
2025-05-16,7.306646943830519e-05,1.927890717900234e-06,0.23992750622001657,3.125,0.5297334057799834
2025-05-17,7.246529093340733e-05,1.927094173238058e-06,0.241161405640009,3.125,0.528499506359991
2025-05-18,7.165446712222645e-05,1.9270718913439783e-06,0.23992750622001657,3.125,0.5297334057799834
2025-05-19,7.204320878785085e-05,1.9291232404949204e-06,0.23845631845001902,3.125,0.531204593549981
2025-05-20,7.250852243330828e-05,1.9270614933030757e-06,0.23869360679998097,3.125,0.530967305200019
2025-05-21,7.238699125301032e-05,1.927838684627954e-06,0.23636818096998202,3.125,0.533292731030018
2025-05-22,7.222567281638493e-05,1.9271669643497238e-06,0.23617835028998657,3.125,0.5334825617100134
2025-05-23,7.140206604760134e-05,1.927991819145113e-06,0.2353715698999949,3.125,0.5342893421000051
2025-05-24,7.01463986616523e-05,1.928010405086554e-06,0.23461224718001272,3.125,0.5350486648199873
2025-05-25,6.872328475651046e-05,1.9281107753627546e-06,0.235229196890009,3.125,0.534431715109991
2025-05-26,6.8964952515892e-05,1.9287586008167907e-06,0.2347546201899986,3.125,0.5349062918100014
2025-05-27,6.967499886059681e-05,1.927924169344232e-06,0.23570377359001937,3.125,0.5339571384099806
2025-05-28,6.649688622886052e-05,1.927246446639364e-06,0.2704449072199792,3.125,0.47726764078002076
2025-05-29,6.601370889243911e-05,1.929004159318768e-06,0.27136307173998064,3.125,0.4763494762600193
2025-05-30,6.57129368398405e-05,1.9278951780256967e-06,0.2083911353599986,3.125,0.4421622066400014
2025-05-31,6.48077876598303e-05,1.9281635668866442e-06,0.20843096575999948,3.125,0.4421223762400005
2025-06-01,6.111083602295574e-05,1.928275107780937e-06,0.25188443169999336,3.125,0.3970756943000066
2025-06-02,6.0215544795598525e-05,1.927770302312939e-06,0.2521885359999631,3.125,0.39677159000003687
2025-06-03,6.0355545937695706e-05,1.928113749456272e-06,0.24772833959997637,3.125,0.4012317864000236
2025-06-04,6.03687060555685e-05,1.927640983806274e-06,0.46330141909997424,3.125,0.47535784690002575
2025-06-05,5.948381986957242e-05,1.9282609785538816e-06,0.46206293947999005,3.125,0.4765963265200099
2025-06-06,5.846851951377533e-05,1.928238669669577e-06,0.5425955386500124,3.125,0.2831656953499875
2025-06-07,5.673603830652932e-05,1.927236789562702e-06,0.3566258348000009,3.125,0.24862436919999908
2025-06-08,5.551105948379889e-05,1.9288873252042306e-06,0.35649530359999904,3.125,0.24875490040000095
2025-06-09,5.536929197727231e-05,1.9284290554091665e-06,0.356402844,3.125,0.24884736
2025-06-10,5.61745386401795e-05,1.9285279815910435e-06,0.35631038440000096,3.125,0.24893981959999906
2025-06-11,5.608742780291282e-05,1.9298358018506353e-06,0.35628319040000034,3.125,0.24896701359999965
2025-06-12,5.677491523985645e-05,1.928339063714251e-06,0.35632670079999934,3.125,0.24892350320000067
2025-06-13,5.5419511657906635e-05,1.929382292823894e-06,0.3561934501999994,3.125,0.2490567538000006
2025-06-14,5.488919589394954e-05,1.9300428932732602e-06,0.356155378599999,3.125,0.24909482540000094
2025-06-15,5.3663564130245716e-05,1.928514592491367e-06,0.36566178697999835,3.125,0.23422723502000167
2025-06-16,5.372986292003804e-05,1.928150926399394e-06,0.3520583854100018,3.125,0.2262586265899982
2025-06-17,5.404058461607329e-05,1.9294641916529063e-06,0.3566258728200018,3.125,0.21561388717999816
2025-06-18,5.3857775131796954e-05,1.9269968794212534e-06,0.3567281086199994,3.125,0.21551165138000059
2025-06-19,5.368854037061038e-05,1.928655187310992e-06,0.356763891150002,3.125,0.21547586884999795
2025-06-20,5.3171132607948476e-05,1.928736280416653e-06,0.3569325802199992,3.125,0.21530717978000077
2025-06-21,5.246599394251677e-05,1.928397817670758e-06,0.3570501513899999,3.125,0.21518960861000008
2025-06-22,5.230891899616526e-05,1.9285525287566467e-06,0.35434879295999955,3.125,0.2184423430400005
2025-06-23,5.257595454473607e-05,1.9276060559213936e-06,0.35437084799999896,3.125,0.21842028800000102
2025-06-24,5.313645022277887e-05,1.9286544433691123e-06,0.35434052232000035,3.125,0.21845061367999966
2025-06-25,5.3087305649282754e-05,1.9276617925095688e-06,0.36181940199999607,3.125,0.22552395200000394
2025-06-26,5.296263442842466e-05,1.9283398074128467e-06,0.3618372264999997,3.125,0.22550612750000032
2025-06-27,5.3268308730233136e-05,1.9288984870877606e-06,0.3619174367499998,3.125,0.2254259172500002
2025-06-28,5.289257059033725e-05,1.927354909686076e-06,0.36192634900000165,3.125,0.22541700499999837
2025-06-29,5.202369997719418e-05,1.929426964050531e-06,0.36185505100000326,3.125,0.2254883029999967
2025-06-30,5.30368345666441e-05,1.9285547603481427e-06,0.3618015775000005,3.125,0.22554177649999949
2025-07-01,5.364500248840673e-05,1.928997461439341e-06,0.36205112050000265,3.125,0.22529223349999727
2025-07-02,5.348359706203603e-05,1.9284052551357287e-06,0.3537526971199999,3.125,0.21835412288000006
2025-07-03,5.3524031474003834e-05,1.928885092843026e-06,0.35348782943,3.125,0.21480111256999995
2025-07-04,5.2601788861111145e-05,1.9281174670860706e-06,0.02406541059999946,3.125,0.20932257740000054
2025-07-05,5.230907446139563e-05,1.927683344854454e-06,0.024158269600001486,3.125,0.20922971839999852
2025-07-06,5.149302052628779e-05,1.9275681568824593e-06,0.024145888399998965,3.125,0.20924209960000104
2025-07-07,5.179926943233176e-05,1.928260234916088e-06,0.024201603799999038,3.125,0.20918638420000096
2025-07-08,5.2402186574293156e-05,1.9283048541989416e-06,0.024467799600002598,3.125,0.2089201883999974
2025-07-09,5.2136891409617294e-05,1.9284729387034877e-06,0.02467208939999919,3.125,0.2087158986000008
2025-07-10,5.3521789380637406e-05,1.9274849328502798e-06,0.08982110781999025,3.125,0.31633153618000975
2025-07-11,5.370476894102336e-05,1.9272902761267323e-06,0.09025132988000883,3.125,0.3159013141199912
2025-07-12,5.243858732463999e-05,1.9281985149786317e-06,0.09015010116001126,3.125,0.31600254283998874
2025-07-13,5.227316685156791e-05,1.9267236180478515e-06,0.09070685912000959,3.125,0.3154457848799904
2025-07-14,5.243821452682057e-05,1.9277487480235755e-06,0.09070685912000959,3.125,0.3154457848799904
2025-07-15,5.328639818072685e-05,1.927522828616621e-06,0.08926434985999188,3.125,0.31688829414000813
2025-07-16,5.330913781051498e-05,1.928844167136662e-06,0.08906189241999668,3.125,0.3170907515800033
2025-07-17,5.314949765379933e-05,1.926114999081243e-06,0.08956803602000774,3.125,0.31658460797999227
2025-07-18,5.354861688478612e-05,1.9270206449429775e-06,0.08951742165999743,3.125,0.3166352223400026
2025-07-19,5.350150611326677e-05,1.9273809129155335e-06,0.0893655785799895,3.125,0.3167870654200105
2025-07-20,5.330839896775706e-05,1.9264014474209916e-06,0.08926434985999188,3.125,0.31688829414000813
2025-07-21,5.341687959659763e-05,1.9266887233991723e-06,0.08961865037999506,3.125,0.31653399362000495
2025-07-22,5.3278464070972663e-05,1.9264274249290497e-06,0.08906189241999668,3.125,0.3170907515800033
2025-07-23,5.3990324212645144e-05,1.9265803353174542e-06,0.08888474216000664,3.125,0.31726790183999337
2025-07-24,5.4249942101257285e-05,1.92687509032227e-06,0.0893655785799895,3.125,0.3167870654200105
2025-07-25,5.450990230733756e-05,1.9263450415300727e-06,0.08868228472001144,3.125,0.31747035927998857
2025-07-26,5.432370570764707e-05,1.926319808385116e-06,0.08729038982000403,3.125,0.318862254179996
2025-07-27,5.33657551217378e-05,1.9256825196554416e-06,0.08691078211999576,3.125,0.31924186188000425
2025-07-28,5.356815195111441e-05,1.9271788491350435e-06,0.08686016776000849,3.125,0.3192924762399915
2025-07-29,5.355973259449987e-05,1.9252487517649717e-06,0.08686016776000849,3.125,0.3192924762399915
2025-07-30,5.306292264856468e-05,1.926071964982471e-06,0.08713854673999616,3.125,0.31901409726000385
2025-07-31,5.3113368481863116e-05,1.925665461841976e-06,0.08708793238000884,3.125,0.31906471161999117
2025-08-01,5.277127970632621e-05,1.926386603445227e-06,0.08716385392000131,3.125,0.3189887900799987
2025-08-02,5.1462964059968476e-05,1.925572020052137e-06,0.0875687687999917,3.125,0.3185838752000083
2025-08-03,5.0681994063258464e-05,1.9262626651770236e-06,0.08777122624000994,3.125,0.31838141775999007
2025-08-04,5.0335534850395586e-05,1.9270971441962e-06,0.08807491240000276,3.125,0.31807773159999725
2025-08-05,5.0377054587877644e-05,1.9270481245582244e-06,0.08769530469999448,3.125,0.3184573393000055
2025-08-06,5.00185109970827e-05,1.92586646658198e-06,0.08746754007999413,3.125,0.3186851039200059
2025-08-07,4.951511883792819e-05,1.925030829368732e-06,0.08744223289998893,3.125,0.3187104111000111
2025-08-08,4.925936016977714e-05,1.9257841311536026e-06,0.08759407597999685,3.125,0.31855856802000315
2025-08-09,4.654216786447125e-05,1.9263502366713903e-06,0.03061442617999996,3.125,0.13934662782000004
2025-08-10,4.534558833506147e-05,1.9251360782436907e-06,0.030626679099999665,3.125,0.13933437490000034
2025-08-11,4.4825108662038364e-05,1.925573503184321e-06,0.030589920340000548,3.125,0.13937113365999945
2025-08-12,4.448948768129344e-05,1.926604090565805e-06,0.031197750750000447,3.125,0.13876330324999955
2025-08-13,4.420832307404043e-05,1.9237376529708087e-06,0.03122072200000095,3.125,0.13874033199999905
2025-08-14,4.356931396237286e-05,1.925568312231672e-06,0.03143665174999896,3.125,0.13852440225000104
2025-08-15,4.326759065979736e-05,1.92410113691288e-06,0.03156529075000011,3.125,0.1383957632499999
2025-08-16,4.303660253105641e-05,1.9264571143675943e-06,0.03100838489999964,3.125,0.14331200510000036
2025-08-17,4.208753704734045e-05,1.9265387650424148e-06,0.1306687180799984,3.125,0.14341116192000158
2025-08-18,4.410819511331241e-05,1.9249537529860846e-06,0.10872893188000073,3.125,0.1889521121199993
2025-08-19,4.491573852690247e-05,1.92613132286314e-06,0.10875402140000015,3.125,0.18892702259999988
2025-08-20,4.6038292059855916e-05,1.9256676867570293e-06,0.10864739094000123,3.125,0.18903365305999878
2025-08-21,4.649283966198251e-05,1.9256306055106925e-06,0.10865366331999966,3.125,0.18902738068000036
2025-08-22,4.64799137396175e-05,1.9256268974646042e-06,0.17602065666999972,3.125,0.19083907733000027
2025-08-23,4.5789046533677375e-05,1.9247403429040404e-06,0.17600345325999994,3.125,0.19085628074000005
2025-08-24,4.48574052619665e-05,1.9248655673887734e-06,0.1694048123699993,3.125,0.1890430616300007
2025-08-25,4.4699819142234634e-05,1.9264370738962e-06,0.16954280472999889,3.125,0.1889050692700011
2025-08-26,4.52790359912074e-05,1.925837537115704e-06,0.16964316280999936,3.125,0.18880471119000064
2025-08-27,4.510215428743206e-05,1.9245225355815348e-06,0.16971529517999978,3.125,0.18873257882000022
2025-08-28,4.501219287983969e-05,1.9253251103981417e-06,0.16975606564999957,3.125,0.18869180835000046
2025-08-29,4.519219167107679e-05,1.9258160260247073e-06,0.1689291137899998,3.125,0.19078009421000017
2025-08-30,4.512823440124848e-05,1.9242870035580066e-06,0.16891191038000003,3.125,0.19079729761999994
2025-08-31,4.494869748950271e-05,1.9243425483683498e-06,0.16892747537000025,3.125,0.19078173262999976
2025-09-01,4.5491312104322755e-05,1.9241492662641605e-06,0.1689364866799999,3.125,0.19077272132000014
2025-09-02,4.613357268813868e-05,1.9246825524832062e-06,0.16894304035999969,3.125,0.19076616764000032
2025-09-03,4.650809983836266e-05,1.9224232991552102e-06,0.17448008339999882,3.125,0.1939874846000012
2025-09-04,4.6662990491231286e-05,1.9222060158897237e-06,0.1746117824400007,3.125,0.19385578555999933
2025-09-05,4.677631193548188e-05,1.922745619216381e-06,0.17475994386000093,3.125,0.1937076241399991
2025-09-06,4.6858789842673434e-05,1.9229785553277466e-06,0.17478189370000038,3.125,0.1936856742999996
2025-09-07,4.6670102034851975e-05,1.9227190015397133e-06,0.1748696930599983,3.125,0.1935978749400017
2025-09-08,4.692780168730284e-05,1.922983732326818e-06,0.17485871814000106,3.125,0.19360884985999893
2025-09-09,4.713223240986799e-05,1.9231649448570914e-06,0.17474896893999867,3.125,0.19371859906000133
2025-09-10,4.7142946435405365e-05,1.9231176044108624e-06,0.1748148184600021,3.125,0.1936527495399979
2025-09-11,4.718138020750193e-05,1.923237439432445e-06,0.17476543132000205,3.125,0.19370213667999797
2025-09-12,4.736774987452389e-05,1.9244803133361865e-06,0.1746666570400019,3.125,0.19380091095999813
2025-09-13,4.7061474730026586e-05,1.923572612942566e-06,0.1746447072000024,3.125,0.1938228607999976
2025-09-14,4.65548318165505e-05,1.9233055005383334e-06,0.1746447072000024,3.125,0.1938228607999976
2025-09-15,4.657505040981164e-05,1.9226443281031e-06,0.17454593292000226,3.125,0.19392163507999777
2025-09-16,4.663424980507827e-05,1.922305043667081e-06,0.08511913450999997,3.125,0.19075387949000003
2025-09-17,4.443484501082483e-05,1.923730251466171e-06,0.0962659019499997,3.125,0.16262342405000027
2025-09-18,4.409172388520557e-05,1.9226228882871506e-06,0.09623938929999969,3.125,0.1626499367000003
2025-09-19,4.3671358791658583e-05,1.9234734545275486e-06,0.09622073225000036,3.125,0.16266859374999965
2025-09-20,4.3318678202230426e-05,1.9229785553277466e-06,0.09621484055000004,3.125,0.16267448544999996
2025-09-21,4.2107642439678036e-05,1.9230414207737705e-06,0.021950441000000008,3.125,0.162116875
2025-09-22,4.248305400603106e-05,1.923415000251967e-06,0.021949145599999963,3.125,0.16211817040000004
2025-09-23,4.282000321398975e-05,1.9245447585600865e-06,0.021947926400000005,3.125,0.1621193896
2025-09-24,4.254231232910213e-05,1.9226310205748435e-06,0.02194701200000001,3.125,0.162120304
2025-09-25,4.2253029309293365e-05,1.923813151571467e-06,0.0262452547599978,3.125,0.1576104312400022
2025-09-26,4.225291045913244e-05,1.9239219688032206e-06,0.022348621000000006,3.125,0.162126781
2025-09-27,4.21101602646851e-05,1.9238072298984266e-06,0.026371600239995845,3.125,0.15808856176000416
2025-09-28,4.1177658180592854e-05,1.92332029706836e-06,0.026519035570000894,3.125,0.1486888884299991
2025-09-29,4.0666809790118276e-05,1.9244610546816366e-06,0.026274459919999764,3.125,0.14539745808000024
2025-09-30,4.052615693136971e-05,1.925113100394648e-06,0.0262877501600002,3.125,0.1453841678399998
2025-10-01,3.994196051234835e-05,1.923749495496695e-06,0.026271968,3.125,0.14539995
2025-10-02,3.9546174749857e-05,1.9233632082929265e-06,0.026266153520000328,3.125,0.14540576447999967
2025-10-03,3.926512368782398e-05,1.925282111587811e-06,0.012603445230003302,3.125,0.1410484967699967
2025-10-04,3.8844190592229664e-05,1.9260378358576628e-06,0.012670678619999504,3.125,0.1409812633800005
2025-10-05,3.829116162505311e-05,1.9261669393476997e-06,0.012392140290003923,3.125,0.14125980170999608
2025-10-06,3.814363863140235e-05,1.925692902820293e-06,0.012353721209996078,3.125,0.14129822079000393
2025-10-07,3.811710473226522e-05,1.9253599556705125e-06,0.012238463969998826,3.125,0.14141347803000118
2025-10-08,3.793724948697249e-05,1.925778939065273e-06,0.012267278279995953,3.125,0.14138466372000405
2025-10-09,3.788364102479196e-05,1.925229477727598e-06,0.012248068740000773,3.125,0.14140387325999923
2025-10-10,3.788636266029571e-05,1.9248381499841587e-06,0.012497792759999227,3.125,0.14115414924000078
2025-10-11,3.744598748385647e-05,1.9241396402012806e-06,0.01268028339000148,3.125,0.14097165860999852
2025-10-12,3.667520588674516e-05,1.9244269826216544e-06,0.012824354939995886,3.125,0.14082758706000412
2025-10-13,3.678970733955658e-05,1.925270991518411e-06,0.01274751677999771,3.125,0.1409044252200023
2025-10-14,3.708597738130132e-05,1.925847921952317e-06,0.012718702470000554,3.125,0.14093323952999945
2025-10-15,3.679026316691119e-05,1.9248603802523182e-06,0.012555421380002253,3.125,0.14109652061999775
2025-10-16,3.6676387147513415e-05,1.924762570913065e-06,0.012545816610000277,3.125,0.14110612538999973
2025-10-17,3.660641129842349e-05,1.9243543983429e-06,0.01244016413999623,3.125,0.14121177786000377
2025-10-18,3.598088442242402e-05,1.925311024369432e-06,0.012459373680000153,3.125,0.14119256831999985
2025-10-19,3.479287292086189e-05,1.9244151317531577e-06,0.016526894580002373,3.125,0.12918054541999763
2025-10-20,3.447988106926012e-05,1.925068628696613e-06,0.01659547842000076,3.125,0.12911196157999924
2025-10-21,3.497540783571729e-05,1.92559723360999e-06,0.016441164780000496,3.125,0.1292662752199995
2025-10-22,3.486780150453964e-05,1.9245543886768457e-06,0.08483841540000318,3.125,0.11717857659999682
2025-10-23,3.4577941576497324e-05,1.923749495496695e-06,0.08485492719999903,3.125,0.11716206480000096
2025-10-24,3.458400346664471e-05,1.9242033220985516e-06,0.08480539179999647,3.125,0.11721160020000354
2025-10-25,3.413463995744302e-05,1.924609948924701e-06,0.08820044419999948,3.125,0.11192016580000053
2025-10-26,3.346688079429667e-05,1.92461587554048e-06,0.08630118802999802,3.125,0.10915783597000198
2025-10-27,3.3562151343454304e-05,1.9243336609832113e-06,0.2695056811199999,3.125,0.1091911428800001
2025-10-28,3.364867674121452e-05,1.923749495496695e-06,0.269543746159999,3.125,0.109153077840001
2025-10-29,3.355044294233919e-05,1.9239123450144314e-06,0.26949140673000127,3.125,0.10920541726999868
2025-10-30,3.3636648038953914e-05,1.923688063977248e-06,0.2694010022600002,3.125,0.10929582173999979
2025-10-31,3.384367687907522e-05,1.9252228060353426e-06,0.2694010022600002,3.125,0.10929582173999979
2025-11-01,3.3587307329006335e-05,1.923795386661711e-06,0.26935342095999915,3.125,0.10934340304000083
2025-11-02,3.316905748699614e-05,1.923362468428005e-06,0.2685097127999991,3.125,0.1044219972000009
2025-11-03,3.38989052903206e-05,1.9228439631352355e-06,0.2646591337899992,3.125,0.11045313621000073
2025-11-04,3.448607495457538e-05,1.9235496724002553e-06,0.2646462200500005,3.125,0.11046604994999945
2025-11-05,3.4631476593083426e-05,1.9231079886675094e-06,0.26462039256999914,3.125,0.1104918774300008
2025-11-06,3.4718443559681317e-05,1.9232122876340913e-06,0.2645794990600006,3.125,0.11053277093999934
2025-11-07,3.500349945343337e-05,1.923176040611324e-06,0.2645751944799998,3.125,0.11053707552000021
2025-11-08,3.5113497434094174e-05,1.9236118351372324e-06,0.26367417638000007,3.125,0.11153234561999995
2025-11-09,3.488829906890102e-05,1.923599254259041e-06,0.2636567397599999,3.125,0.11154978224000008
2025-11-10,3.505463628545207e-05,1.9239982222256426e-06,0.26364872833999997,3.125,0.11155779365999999
2025-11-11,3.54767697545975e-05,1.9238805131681926e-06,0.2636336480199999,3.125,0.11157287398000006
2025-11-12,3.550674500259731e-05,1.9239278911826385e-06,0.26364165943999984,3.125,0.11156486256000014
2025-11-13,3.548717879158873e-05,1.9231560683458897e-06,0.2636327055000002,3.125,0.11157381649999983
2025-11-14,3.56021608866431e-05,1.923938255434356e-06,0.26364542952000014,3.125,0.1115610924799998
2025-11-15,3.536260660811363e-05,1.9242299808885478e-06,0.2636345905400001,3.125,0.11157193145999987
2025-11-16,3.4836772241337056e-05,1.923666600877269e-06,0.2641983008000008,3.125,0.11100822119999917
2025-11-17,3.5456018185874404e-05,1.92321006838935e-06,0.2649602979100011,3.125,0.11592923408999885
2025-11-18,3.61606969843282e-05,1.923628116518002e-06,0.250687061719999,3.125,0.13502351428000098
2025-11-19,3.632581277519313e-05,1.9234186997843464e-06,0.250459645319994,3.125,0.13525093068000596
2025-11-20,3.6035003351527345e-05,1.922849878879686e-06,0.2504823869599987,3.125,0.1352281890400013
2025-11-21,3.581956409483891e-05,1.923897539373525e-06,0.19953102494999836,3.125,0.11624694505000165
2025-11-22,3.547674258803423e-05,1.9245610557372126e-06,0.1996615133799991,3.125,0.11611645662000086
2025-11-23,3.493498035175968e-05,1.924034500247431e-06,0.1997636347599993,3.125,0.1160143352400007
2025-11-24,3.4929838786254914e-05,1.923745794691693e-06,0.1999224902400007,3.125,0.1158554797599993
2025-11-25,3.5190408508330014e-05,1.923568912818086e-06,0.19682432060000105,3.125,0.11101871539999893
2025-11-26,3.474211988839574e-05,1.923680662854188e-06,0.017030151999998595,3.125,0.1068984060000014
2025-11-27,3.473657386899591e-05,1.924278116685916e-06,0.01708672600000276,3.125,0.10684183199999724
2025-11-28,3.48248737982897e-05,1.924275894980719e-06,0.017119054000001997,3.125,0.106809503999998
2025-11-29,3.450964487062705e-05,1.9233609886998695e-06,0.01706247999999783,3.125,0.10686607800000217
2025-11-30,3.393329917296491e-05,1.92351637258666e-06,0.016933168000000876,3.125,0.10699538999999912
2025-12-01,3.4040287103997144e-05,1.924960422813707e-06,0.016860430000000762,3.125,0.10706812799999924
2025-12-02,3.4097295769537994e-05,1.9257032860971156e-06,0.016763446000003058,3.125,0.10716511199999694
2025-12-03,3.345070052500291e-05,1.9253443863503865e-06,0.0243810184799997,3.125,0.0931220635200003
2025-12-04,3.306127343508506e-05,1.9247344155216744e-06,0.024389260340000014,3.125,0.09311382165999998
2025-12-05,3.305194348544299e-05,1.9252761808681457e-06,0.02338113413999866,3.125,0.09892736586000134
2025-12-06,3.2669898735434633e-05,1.9251086531323827e-06,0.023503796860002726,3.125,0.09880470313999727
2025-12-07,3.198982650478657e-05,1.924944118872229e-06,0.02340413340000334,3.125,0.09890436659999666
2025-12-08,3.183832623957834e-05,1.9250352762714375e-06,0.02552552915999972,3.125,0.09310857684000028
2025-12-09,3.1926872188046936e-05,1.9250063717710906e-06,0.024308322980001774,3.125,0.09891203301999822
2025-12-10,3.197469347265519e-05,1.924335142208367e-06,0.01776412454999778,3.125,0.11188865345000222
2025-12-11,3.155958816441105e-05,1.9237102676881312e-06,0.018115215639999894,3.125,0.1115375623600001
2025-12-12,3.136086559245091e-05,1.92406041395775e-06,0.01799309700000278,3.125,0.11165968099999722
2025-12-13,3.105015040782269e-05,1.923964166552191e-06,0.017886243189994894,3.125,0.1117665348100051
2025-12-14,3.077268078988092e-05,1.9242484943717654e-06,0.01796256733999656,3.125,0.11169021066000344
2025-12-15,3.09674309569364e-05,1.9240626351654e-06,0.018222069449993886,3.125,0.11143070855000611
2025-12-16,3.1293630212322154e-05,1.924253678210906e-06,0.01748935760999733,3.125,0.11216342039000267
2025-12-17,3.092357713419866e-05,1.9238627470143576e-06,0.024920378639998082,3.125,0.09662481736000192
2025-12-18,3.0281060158172264e-05,1.923768739912238e-06,0.0225807257800001,3.125,0.0883877882199999
2025-12-19,2.9947871026159344e-05,1.9240752221056234e-06,0.022588448739999916,3.125,0.08838006526000008
2025-12-20,2.970435952455874e-05,1.923430538383595e-06,0.02104793812000006,3.125,0.09048829987999994
2025-12-21,2.9247432714978598e-05,1.9231434934286185e-06,0.022151891359999197,3.125,0.0893843466400008
2025-12-22,2.938911174358667e-05,1.9228077299947237e-06,0.021973170779999503,3.125,0.0895630672200005
2025-12-23,2.9695740180246162e-05,1.923405381534385e-06,0.021800215380000966,3.125,0.08973602261999904
2025-12-24,2.9674112740916115e-05,1.922292479876481e-06,0.017843666999999695,3.125,0.0971954330000003
2025-12-25,2.9507844873435174e-05,1.922805511683543e-06,0.017868096899997278,3.125,0.09717100310000272
2025-12-26,2.9488077021618402e-05,1.923482333968852e-06,0.017762233999997927,3.125,0.09727686600000207
2025-12-27,2.9254068323602643e-05,1.9235681727948983e-06,0.017778520600001242,3.125,0.09726057939999876
2025-12-28,2.8886367156798655e-05,1.9225888812839816e-06,0.017591224700000123,3.125,0.09744787529999988
2025-12-29,2.897928426195142e-05,1.923985636292834e-06,0.01758308139999846,3.125,0.09745601860000154
2025-12-30,2.9365777387592363e-05,1.9235696528418433e-06,0.01764008450000267,3.125,0.09739901549999733
2025-12-31,2.9469483291477098e-05,1.9229511916528533e-06,0.01755865150000089,3.125,0.09748044849999911
